seasonality_key,seasonality_label,volume_multiplier,pressure_index,pressure_tier,incoming_calls_mean,asa_secs_mean,aht_secs_mean,wait_secs_mean,abandon_rate_mean,answer_rate_mean,service_level_20s_mean
0,Mon,1.1355827074556522,0.15190662059231164,normal,225.45810055865923,26.033519553072626,157.05027932960894,253.5977653631285,0.07637151502823473,0.9236335195530726,0.707895530726257
1,Tue,1.1455999893114446,0.15797467699348927,peak,227.44692737430168,26.921787709497206,159.35754189944134,264.24022346368713,0.08184106187432011,0.9181575418994413,0.6938301675977654
2,Wed,1.151846721255225,0.15365087937878974,high,228.68715083798884,26.01675977653631,158.68156424581005,267.68715083798884,0.0777234831760777,0.9222770949720671,0.7043877094972067
3,Thu,1.0402496992325494,0.14793225376566344,normal,206.53072625698323,25.29050279329609,157.92737430167597,235.2122905027933,0.07339026156668038,0.9266139664804469,0.6963877094972067
4,Fri,0.22749922416876742,0.0933432569454027,low,45.167597765363126,20.608938547486034,157.16759776536313,139.84916201117318,0.05606772830237553,0.9439324022346368,0.7490743016759778
5,Sat,1.1670896893612845,0.15374646298317124,peak,231.7134831460674,25.258426966292134,156.22471910112358,235.62921348314606,0.07647550118731664,0.9235286516853933,0.6987780898876405
6,Sun,1.1338129897688765,0.14631376265190973,low,225.1067415730337,24.151685393258425,156.43820224719101,229.9943820224719,0.06966636689373604,0.9303331460674157,0.7107056179775281
